{
	"languages": [
		{
			"name": "English",
			"code": "en",
			"version": 4,
			"bundlePath": "https://s3.amazonaws.com/fordcorp-prod-author-datastore/public/compliance/en.zip",
            "codeOfConductHandbookVersion": 1,
			"isNew":false 
		},
		{
			"name": "Spanish (Español)", 
			"code": "sp",
			"version": 1,
			"bundlePath": "https://s3.amazonaws.com/fordcorp-prod-author-datastore/public/compliance/sp.zip",
            "codeOfConductHandbookVersion": 1,
			"isNew":false 
		},
		{
			"name": "Chinese (中文)",
			"code": "ch",
			"version": 1,
			"bundlePath": "https://s3.amazonaws.com/fordcorp-prod-author-datastore/public/compliance/ch.zip",
            "codeOfConductHandbookVersion": 1,
			"isNew":false 
		},
		{
			"name": "Thai (ภาษาไทย)",
			"code": "th",
			"version": 1,
			"bundlePath": "https://s3.amazonaws.com/fordcorp-prod-author-datastore/public/compliance/th.zip",
            "codeOfConductHandbookVersion": 1,
			"isNew":false 
		},
		{
			"name": "Russian (русский)",
			"code": "ru",
			"version": 1,
			"bundlePath": "https://s3.amazonaws.com/fordcorp-prod-author-datastore/public/compliance/ru.zip",
            "codeOfConductHandbookVersion": 1,
			"isNew":false 
		},
		{
			"name": "German (Deutsche)",
			"code": "ge",
			"version": 1,
			"bundlePath": "https://s3.amazonaws.com/fordcorp-prod-author-datastore/public/compliance/ge.zip",
            "codeOfConductHandbookVersion": 1,
			"isNew":false 
		},
		{
			"name": "Portuguese (português)",
			"code": "po",
			"version": 1,
			"bundlePath": "https://s3.amazonaws.com/fordcorp-prod-author-datastore/public/compliance/po.zip",
            "codeOfConductHandbookVersion": 1,
			"isNew":false 
		}
	]
}